<?xml version="1.0" encoding="UTF-8"?>
<!DOCTYPE fontscolors PUBLIC "-//NetBeans//DTD Editor Fonts and Colors settings 1.1//EN" "http://www.netbeans.org/dtds/EditorFontsColors-1_1.dtd">
<fontscolors>
    <fontcolor bgColor="orange" foreColor="ff252621" name="mark-occurrences"/>
    <fontcolor default="identifier" name="identifier"/>
    <fontcolor default="field" name="mod-field"/>
    <fontcolor default="comment" name="COMMENT_HTML"/>
    <fontcolor default="number" name="constant"/>
    <fontcolor default="string" foreColor="white" name="string"/>
    <fontcolor default="field" name="mod-global"/>
    <fontcolor name="mod-class"/>
    <fontcolor name="mod-method"/>
    <fontcolor name="mod-unused" waveUnderlined="orange"/>
    <fontcolor default="error" name="error"/>
    <fontcolor default="separator" name="separator"/>
    <fontcolor default="comment" name="COMMENT"/>
    <fontcolor default="operator" name="operator"/>
    <fontcolor default="regexp" foreColor="ff9933cc" name="mod-regexp"/>
    <fontcolor default="comment" name="COMMENT_KEYWORD"/>
    <fontcolor default="keyword" name="keyword"/>
    <fontcolor default="whitespace" name="whitespace"/>
</fontscolors>
