<?xml version="1.0" encoding="UTF-8"?>
<!DOCTYPE fontscolors PUBLIC "-//NetBeans//DTD Editor Fonts and Colors settings 1.1//EN" "http://www.netbeans.org/dtds/EditorFontsColors-1_1.dtd">
<fontscolors>
    <fontcolor default="default" foreColor="fffd6041" name="expression-language"/>
    <fontcolor default="default" foreColor="ffff6f00" name="symbol">
        <font style="bold"/>
    </fontcolor>
    <fontcolor default="default" foreColor="ff62cf2f" name="attribute-value"/>
    <fontcolor default="default" name="scriptlet"/>
    <fontcolor default="default" foreColor="ff03a9f4" name="tag-directive">
        <font style="bold"/>
    </fontcolor>
    <fontcolor default="default" foreColor="fff72870" name="attribute-name"/>
    <fontcolor default="default" foreColor="ff03a9f4" name="endtag">
        <font style="bold"/>
    </fontcolor>
    <fontcolor default="default" foreColor="ffff6f00" name="scriptlet-delimiter"/>
    <fontcolor default="default" foreColor="ff75715e" name="comment"/>
    <fontcolor default="default" foreColor="red" name="error"/>
    <fontcolor default="default" name="jsp-whitespace">
        <font style="bold"/>
    </fontcolor>
</fontscolors>
