<?xml version="1.0" encoding="UTF-8"?>
<!DOCTYPE fontscolors PUBLIC "-//NetBeans//DTD Editor Fonts and Colors settings 1.1//EN" "http://www.netbeans.org/dtds/EditorFontsColors-1_1.dtd">
<fontscolors>
    <fontcolor bgColor="orange" foreColor="ff252621" name="mark-occurrences">
        <font style="bold"/>
    </fontcolor>
    <fontcolor name="mod-abstract"/>
    <fontcolor default="string" name="string"/>
    <fontcolor default="comment" name="javadoc-identifier"/>
    <fontcolor name="mod-public"/>
    <fontcolor default="identifier" name="mod-class"/>
    <fontcolor name="mod-unused" waveUnderlined="ff999999"/>
    <fontcolor default="identifier" name="mod-interface-declaration"/>
    <fontcolor default="method" name="mod-method-declaration">
        <font style="plain"/>
    </fontcolor>
    <fontcolor default="operator" name="operator"/>
    <fontcolor default="keyword" name="keyword-directive"/>
    <fontcolor default="keyword" name="literal"/>
    <fontcolor default="number" name="number"/>
    <fontcolor default="char" name="character"/>
    <fontcolor default="identifier" name="mod-parameter"/>
    <fontcolor name="mod-deprecated" strikeThrough="red"/>
    <fontcolor default="identifier" foreColor="fff36c60" name="mod-annotation-type">
        <font style="bold"/>
    </fontcolor>
    <fontcolor default="comment" name="javadoc-first-sentence"/>
    <fontcolor default="string" name="string-escape"/>
    <fontcolor default="string" name="string-escape-invalid" waveUnderlined="red"/>
    <fontcolor default="keyword" name="keyword"/>
    <fontcolor default="identifier" name="mod-local-variable"/>
    <fontcolor default="identifier" name="identifier"/>
    <fontcolor default="field" name="mod-field"/>
    <fontcolor default="comment" foreColor="fff72870" name="javadoc-tag">
        <font style="plain"/>
    </fontcolor>
    <fontcolor default="method" foreColor="fff8f8f2" name="mod-method"/>
    <fontcolor default="identifier" name="mod-annotation-type-declaration"/>
    <fontcolor default="identifier" name="mod-interface"/>
    <fontcolor name="mod-protected"/>
    <fontcolor default="character" name="character-escape-invalid"/>
    <fontcolor default="identifier" name="mod-constructor-declaration"/>
    <fontcolor default="comment" foreColor="ff1ca4a8" name="html-tag"/>
    <fontcolor default="separator" name="separator"/>
    <fontcolor default="identifier" name="mod-enum"/>
    <fontcolor default="identifier" name="mod-local-variable-declaration"/>
    <fontcolor default="identifier" name="mod-parameter-declaration"/>
    <fontcolor foreColor="white" name="mod-private"/>
    <fontcolor default="identifier" name="mod-enum-declaration"/>
    <fontcolor name="mod-static"/>
    <fontcolor default="character" name="character-escape"/>
    <fontcolor default="identifier" name="mod-class-declaration"/>
    <fontcolor name="mod-package-private"/>
    <fontcolor default="comment" name="comment"/>
    <fontcolor default="whitespace" name="whitespace"/>
    <fontcolor default="identifier" name="mod-constructor"/>
    <fontcolor default="field" name="mod-field-declaration"/>
</fontscolors>
