<?xml version="1.0" encoding="UTF-8"?>
<!DOCTYPE fontscolors PUBLIC "-//NetBeans//DTD Editor Fonts and Colors settings 1.1//EN" "http://www.netbeans.org/dtds/EditorFontsColors-1_1.dtd">
<fontscolors>
    <fontcolor name="identifier"/>
    <fontcolor default="field" name="markup-attribute"/>
    <fontcolor default="identifier" foreColor="ff76ff03" name="method"/>
    <fontcolor foreColor="ff14e715" name="string"/>
    <fontcolor default="keyword" name="markup-element"/>
    <fontcolor default="string" name="markup-attribute-value"/>
    <fontcolor bgColor="ff2b2b2b" foreColor="white" name="error" waveUnderlined="red"/>
    <fontcolor default="default" name="entity-reference"/>
    <fontcolor foreColor="ffff6f00" name="separator"/>
    <fontcolor foreColor="ffff6f00" name="operator"/>
    <fontcolor name="url" underline="ff673ab7"/>
    <fontcolor foreColor="ffe91e63" name="number">
        <font style="bold"/>
    </fontcolor>
    <fontcolor bgColor="ff252621" foreColor="fff8f8f2" name="default">
        <font name="Source Code Pro" size="10" style="plain"/>
    </fontcolor>
    <fontcolor default="identifier" foreColor="ffc51162" name="field">
        <font style="bold"/>
    </fontcolor>
    <fontcolor foreColor="ff14e715" name="char"/>
    <fontcolor name="warning" waveUnderlined="orange"/>
    <fontcolor foreColor="ff75715e" name="comment"/>
    <fontcolor foreColor="ff03a9f4" name="keyword">
        <font style="bold"/>
    </fontcolor>
    <fontcolor foreColor="lightGray" name="whitespace"/>
</fontscolors>
