<?xml version="1.0" encoding="UTF-8"?>
<!DOCTYPE fontscolors PUBLIC "-//NetBeans//DTD Editor Fonts and Colors settings 1.1//EN" "http://www.netbeans.org/dtds/EditorFontsColors-1_1.dtd">
<fontscolors>
    <fontcolor bgColor="orange" foreColor="ff252621" name="mark-occurrences"/>
    <fontcolor default="identifier" name="identifier"/>
    <fontcolor default="default" foreColor="ff1ca4a8" name="tag-lib-prefix"/>
    <fontcolor default="default" name="eol"/>
    <fontcolor default="keyword" name="keywords"/>
    <fontcolor default="number" name="numeric-literals"/>
    <fontcolor default="string" name="string"/>
    <fontcolor default="string" name="char-literal"/>
    <fontcolor default="operator" name="operators"/>
    <fontcolor default="whitespace" name="whitespace"/>
    <fontcolor default="error" name="errors"/>
</fontscolors>
